What, do, you, understand, by, the, term, 'marketing'?
Can, you, explain, the, significance, of, target, audience?
What, are, the, key, components, of, a, marketing, strategy?
Can, you, describe, the, difference, between, B2B, and, B2C, marketing?
What, is, your, experience, with, social, media, marketing?
Can, you, explain, the, importance, of, branding?
What, are, some, common, marketing, channels, you, know?
Can, you, describe, how, to, create, a, marketing, plan?
What, is, your, understanding, of, digital, marketing?
Can, you, explain, the, significance, of, market, research?
What, are, the, challenges, faced, by, marketers, today?
Can, you, describe, how, to, measure, marketing, success?
What, is, your, experience, with, email, marketing?
Can, you, explain, the, importance, of, customer, feedback?
What, do, you, understand, by, the, term, 'conversion, rate'?
Can, you, describe, the, role, of, content, marketing?
What, is, your, understanding, of, SEO?
Can, you, explain, the, significance, of, social, media, engagement?
What, are, some, effective, advertising, strategies, you, know?
Can, you, describe, how, to, develop, a, unique, selling, proposition?
What, is, your, experience, with, influencer, marketing?
Can, you, explain, the, role, of, analytics, in, marketing?
What, are, the, benefits, of, using, video, marketing?
Can, you, describe, how, to, create, a, marketing, budget?
What, is, your, understanding, of, marketing, automation?
Can, you, explain, the, significance, of, customer, segmentation?
What, are, some, common, marketing, metrics, you, know?
Can, you, describe, the, role, of, public, relations, in, marketing?
What, is, your, experience, with, affiliate, marketing?
Can, you, explain, the, importance, of, storytelling, in, marketing?
What, are, the, challenges, of, creating, engaging, content?
Can, you, describe, how, to, conduct, a, competitive, analysis?
What, is, your, understanding, of, customer, relationship, management, (CRM)?
Can, you, explain, the, significance, of, pricing, strategies?
What, are, some, effective, techniques, for, generating, leads?
Can, you, describe, the, role, of, trade, shows, in, marketing?
What, is, your, experience, with, mobile, marketing?
Can, you, explain, the, importance, of, consistency, in, branding?
What, are, the, benefits, of, customer, loyalty, programs?
Can, you, describe, how, to, utilize, testimonials, in, marketing?
What, is, your, understanding, of, niche, marketing?
Can, you, explain, the, significance, of, visual, marketing?
What, are, some, common, mistakes, in, marketing, campaigns?
Can, you, describe, the, role, of, direct, marketing?
What, is, your, experience, with, web, analytics?
Can, you, explain, the, importance, of, community, building, in, marketing?
What, are, the, challenges, of, managing, a, marketing, team?
Can, you, describe, how, to, leverage, user-generated, content?
What, is, your, understanding, of, the, marketing, funnel?
Can, you, explain, the, significance, of, event, marketing?
Intermediate Level
Can, you, explain, the, importance, of, integrated, marketing, communications?
What, are, the, challenges, of, digital, marketing?
Can, you, describe, how, to, build, a, brand, identity?
What, is, your, experience, with, search, engine, marketing, (SEM)?
Can, you, explain, the, significance, of, customer, personas?
What, are, the, benefits, of, using, A/B, testing, in, marketing?
Can, you, describe, the, role, of, marketing, research, in, decision-making?
What, is, your, understanding, of, brand, equity?
Can, you, explain, the, challenges, of, maintaining, brand, consistency?
What, are, the, benefits, of, using, social, proof, in, marketing?
Can, you, describe, how, to, develop, a, crisis, communication, plan?
What, is, your, experience, with, content, management, systems, (CMS)?
Can, you, explain, the, significance, of, loyalty, marketing?
What, are, the, challenges, of, managing, marketing, budgets?
Can, you, describe, the, role, of, behavioral, targeting, in, online, marketing?
What, is, your, understanding, of, omnichannel, marketing?
Can, you, explain, the, importance, of, brand, storytelling?
What, are, the, benefits, of, conducting, market, segmentation?
Can, you, describe, how, to, evaluate, marketing, performance?
What, is, your, experience, with, developing, marketing, collateral?
Can, you, explain, the, significance, of, influencer, partnerships?
What, are, the, challenges, of, aligning, marketing, with, sales?
Can, you, describe, the, role, of, customer, experience, in, marketing?
What, is, your, understanding, of, content, strategy?
Can, you, explain, the, importance, of, personalization, in, marketing?
What, are, the, benefits, of, using, marketing, dashboards?
Can, you, describe, how, to, leverage, social, media, for, brand, awareness?
What, is, your, experience, with, developing, marketing, strategies?
Can, you, explain, the, significance, of, cause-related, marketing?
What, are, the, challenges, of, adapting, to, changing, market, trends?
Can, you, describe, the, role, of, mobile, marketing, strategies?
What, is, your, understanding, of, the, term, 'customer, journey'?
Can, you, explain, the, importance, of, creating, value, propositions?
What, are, the, benefits, of, using, customer, feedback, for, marketing?
Can, you, describe, how, to, implement, a, referral, program?
What, is, your, experience, with, developing, email, marketing, campaigns?
Can, you, explain, the, significance, of, market, positioning?
What, are, the, challenges, of, managing, brand, reputation?
Can, you, describe, the, role, of, digital, analytics, in, marketing?
What, is, your, understanding, of, brand, loyalty?
Can, you, explain, the, importance, of, effective, lead, nurturing?
What, are, the, benefits, of, using, social, listening, tools?
Can, you, describe, how, to, create, engaging, social, media, content?
What, is, your, experience, with, developing, partnerships, for, marketing?
Can, you, explain, the, significance, of, marketing, metrics, in, ROI?
What, are, the, challenges, of, managing, customer, expectations?
Can, you, describe, the, role, of, content, marketing, in, lead, generation?
What, is, your, understanding, of, behavioral, analytics?
Can, you, explain, the, importance, of, conducting, user, testing?
What, are, the, benefits, of, using, marketing, automation, tools?
Advanced Level
Can, you, describe, the, significance, of, data-driven, marketing?
What, is, your, experience, with, developing, integrated, marketing, campaigns?
Can, you, explain, the, importance, of, marketing, attribution, models?
What, are, the, challenges, of, implementing, marketing, technology, (MarTech)?
Can, you, describe, how, to, conduct, a, competitive, marketing, analysis?
What, is, your, understanding, of, customer, lifetime, value, (CLV)?
Can, you, explain, the, significance, of, real-time, marketing?
What, are, the, benefits, of, using, advanced, analytics, in, marketing?
Can, you, describe, the, challenges, of, creating, a, data-driven, marketing, strategy?
What, is, your, experience, with, developing, customer, engagement, strategies?
Can, you, explain, the, significance, of, brand, architecture?
What, are, the, benefits, of, using, behavioral, insights, for, marketing?
Can, you, describe, how, to, leverage, data, visualization, in, marketing?
What, is, your, understanding, of, customer, experience, management?
Can, you, explain, the, importance, of, conversion, optimization?
What, are, the, challenges, of, managing, marketing, technology, stacks?
Can, you, describe, the, role, of, artificial, intelligence, in, marketing?
What, is, your, experience, with, managing, brand, portfolios?
Can, you, explain, the, significance, of, integrated, analytics, for, marketing?
What, are, the, benefits, of, conducting, brand, audits?
Can, you, describe, how, to, develop, a, content, distribution, strategy?
What, is, your, understanding, of, account-based, marketing?
Can, you, explain, the, importance, of, developing, a, marketing, playbook?
What, are, the, challenges, of, managing, cross-channel, marketing?
Can, you, describe, the, role, of, marketing, in, business, development?
What, is, your, experience, with, developing, customer-centric, marketing, strategies?
Can, you, explain, the, significance, of, voice, search, optimization?
What, are, the, benefits, of, using, cohort, analysis, in, marketing?
Can, you, describe, how, to, develop, a, data-driven, customer, journey?
What, is, your, understanding, of, marketing, ecosystems?
Can, you, explain, the, importance, of, community, engagement, in, marketing?
What, are, the, challenges, of, measuring, brand, equity?
Can, you, describe, the, role, of, neuro-marketing, in, consumer, behavior?
What, is, your, experience, with, building, brand, advocates?
Can, you, explain, the, significance, of, agile, marketing?
What, are, the, benefits, of, using, subscription, models, for, marketing?
Can, you, describe, how, to, develop, a, customer, journey, map?
What, is, your, understanding, of, blockchain, technology, in, marketing?
Can, you, explain, the, importance, of, ethical, marketing?
What, are, the, challenges, of, maintaining, transparency, in, marketing?
Can, you, describe, the, role, of, cultural, trends, in, shaping, marketing, strategies?
What, is, your, experience, with, creating, socially, responsible, marketing?
Can, you, explain, the, significance, of, marketing, in, sustainability?
What, are, the, benefits, of, developing, long-term, customer, relationships?
Can, you, describe, how, to, assess, marketing, risks?
What, is, your, understanding, of, the, term, 'customer-centricity'?
Can, you, explain, the, importance, of, building, a, marketing, community?
What, are, the, challenges, of, integrating, customer, feedback, into, marketing?
Can, you, describe, the, role, of, experiential, marketing, in, consumer, engagement?
What, is, your, experience, with, developing, marketing, strategies, for, non-profit, organizations?
