What, do, you, understand, by, the, role, of, Human, Resources?
Can, you, explain, the, significance, of, employee, onboarding?
What, are, the, main, responsibilities, of, an, HR, professional?
Can, you, describe, the, process, of, recruiting, new, employees?
What, is, your, experience, with, conducting, interviews?
Can, you, explain, the, importance, of, employee, engagement?
What, are, some, common, HR, policies, you, know?
Can, you, describe, how, to, handle, employee, grievances?
What, is, your, understanding, of, performance, management?
Can, you, explain, the, significance, of, diversity, and, inclusion, in, the, workplace?
What, are, the, challenges, faced, by, HR, departments?
Can, you, describe, how, to, conduct, employee, training?
What, is, your, experience, with, using, HR, software?
Can, you, explain, the, importance, of, employee, benefits?
What, do, you, understand, by, the, term, 'labor, laws'?
Can, you, describe, how, to, create, a, positive, workplace, culture?
What, is, your, understanding, of, employee, retention?
Can, you, explain, the, role, of, HR, in, organizational, change?
What, are, the, benefits, of, conducting, employee, surveys?
Can, you, describe, the, significance, of, succession, planning?
What, is, your, experience, with, handling, employee, disputes?
Can, you, explain, the, role, of, HR, in, compliance?
What, are, some, effective, strategies, for, managing, workplace, conflicts?
Can, you, describe, the, importance, of, performance, reviews?
What, is, your, understanding, of, workplace, harassment?
Can, you, explain, the, significance, of, job, descriptions?
What, are, the, key, components, of, a, successful, onboarding, program?
Can, you, describe, how, to, implement, a, training, program?
What, is, your, experience, with, employee, motivation, techniques?
Can, you, explain, the, importance, of, a, talent, management, strategy?
What, are, some, common, HR, metrics, you, know?
Can, you, describe, the, significance, of, organizational, development?
What, is, your, understanding, of, compensation, and, benefits, packages?
Can, you, explain, the, role, of, HR, in, employee, wellness?
What, are, the, challenges, of, remote, work, for, HR?
Can, you, describe, how, to, manage, employee, relations?
What, is, your, experience, with, exit, interviews?
Can, you, explain, the, significance, of, employee, feedback?
What, are, the, benefits, of, conducting, talent, assessments?
Can, you, describe, the, role, of, HR, in, organizational, strategy?
What, is, your, understanding, of, workplace, policies?
Can, you, explain, the, importance, of, skills, development?
What, are, some, effective, strategies, for, employee, recognition?
Can, you, describe, the, significance, of, work-life, balance?
What, is, your, experience, with, diversity, training?
Can, you, explain, the, challenges, of, managing, remote, teams?
What, are, the, benefits, of, using, HR, analytics?
Can, you, describe, the, role, of, HR, in, recruitment, marketing?
What, is, your, understanding, of, team, dynamics?
Can, you, explain, the, significance, of, employer, branding?
Intermediate Level
Can, you, explain, the, importance, of, effective, communication, in, HR?
What, are, the, challenges, of, managing, a, diverse, workforce?
Can, you, describe, how, to, create, a, performance, improvement, plan?
What, is, your, experience, with, employee, engagement, strategies?
Can, you, explain, the, significance, of, HR, policies, in, compliance?
What, are, the, benefits, of, conducting, regular, performance, evaluations?
Can, you, describe, the, role, of, coaching, in, employee, development?
What, is, your, understanding, of, the, term, 'organizational, behavior'?
Can, you, explain, the, challenges, of, managing, employee, turnover?
What, are, some, effective, strategies, for, talent, acquisition?
Can, you, describe, the, significance, of, mentorship, programs?
What, is, your, experience, with, implementing, employee, training, programs?
Can, you, explain, the, role, of, HR, in, compliance, audits?
What, are, the, benefits, of, conducting, employee, satisfaction, surveys?
Can, you, describe, how, to, develop, a, succession, plan?
What, is, your, understanding, of, workforce, planning?
Can, you, explain, the, importance, of, feedback, in, employee, development?
What, are, the, challenges, of, managing, remote, employee, performance?
Can, you, describe, the, role, of, HR, in, mergers, and, acquisitions?
What, is, your, experience, with, creating, training, modules?
Can, you, explain, the, significance, of, a, positive, workplace, culture?
What, are, the, benefits, of, using, technology, in, HR?
Can, you, describe, how, to, manage, workplace, diversity?
What, is, your, understanding, of, talent, management, frameworks?
Can, you, explain, the, importance, of, workplace, safety?
What, are, some, effective, strategies, for, handling, workplace, conflict?
Can, you, describe, the, significance, of, employee, empowerment?
What, is, your, experience, with, succession, planning, processes?
Can, you, explain, the, challenges, of, maintaining, workplace, morale?
What, are, the, benefits, of, conducting, focus, groups, for, feedback?
Can, you, describe, the, role, of, HR, in, developing, policies?
What, is, your, understanding, of, workplace, culture, assessments?
Can, you, explain, the, significance, of, conflict, resolution, training?
What, are, the, challenges, of, implementing, performance, management, systems?
Can, you, describe, how, to, effectively, manage, employee, feedback?
What, is, your, experience, with, designing, training, programs?
Can, you, explain, the, importance, of, onboarding, feedback, mechanisms?
What, are, the, benefits, of, cross-functional, team, collaboration?
Can, you, describe, the, role, of, HR, in, developing, employee, policies?
What, is, your, understanding, of, the, concept, of, organizational, change?
Can, you, explain, the, significance, of, data-driven, HR, decision-making?
What, are, the, challenges, of, managing, workplace, stress?
Can, you, describe, how, to, implement, a, wellness, program?
What, is, your, experience, with, negotiating, employee, contracts?
Can, you, explain, the, importance, of, coaching, and, mentoring, in, HR?
What, are, the, benefits, of, using, HR, metrics, for, decision-making?
Can, you, describe, the, role, of, feedback, in, employee, motivation?
What, is, your, understanding, of, HR, risk, management?
Can, you, explain, the, significance, of, workplace, values?
What, are, the, challenges, of, aligning, HR, strategy, with, business, goals?
Advanced Level
Can, you, describe, the, significance, of, strategic, HR, management?
What, is, your, experience, with, developing, organizational, development, strategies?
Can, you, explain, the, importance, of, leadership, development, programs?
What, are, the, challenges, of, managing, organizational, change, initiatives?
Can, you, describe, how, to, conduct, a, comprehensive, workforce, analysis?
What, is, your, understanding, of, the, term, 'human, capital'?
Can, you, explain, the, significance, of, aligning, HR, goals, with, business, objectives?
What, are, the, benefits, of, using, predictive, analytics, in, HR?
Can, you, describe, the, challenges, of, implementing, a, performance, management, system?
What, is, your, experience, with, designing, executive, compensation, packages?
Can, you, explain, the, significance, of, succession, planning, for, leadership, roles?
What, are, the, benefits, of, conducting, talent, reviews?
Can, you, describe, how, to, develop, a, comprehensive, HR, strategy?
What, is, your, understanding, of, workforce, analytics, tools?
Can, you, explain, the, challenges, of, maintaining, a, diverse, workforce?
What, are, the, benefits, of, using, AI, in, HR, processes?
Can, you, describe, the, role, of, HR, in, organizational, restructuring?
What, is, your, experience, with, managing, employee, engagement, surveys?
Can, you, explain, the, significance, of, building, a, high-performance, culture?
What, are, the, challenges, of, managing, a, multi-generational, workforce?
Can, you, describe, how, to, implement, a, talent, management, program?
What, is, your, understanding, of, employer, branding, strategies?
Can, you, explain, the, importance, of, data, privacy, in, HR?
What, are, the, benefits, of, using, technology, for, HR, compliance?
Can, you, describe, the, challenges, of, handling, workplace, investigations?
What, is, your, experience, with, designing, leadership, training, programs?
Can, you, explain, the, significance, of, aligning, HR, with, business, strategy?
What, are, the, benefits, of, using, employee, feedback, tools?
Can, you, describe, how, to, manage, organizational, culture, assessments?
What, is, your, understanding, of, the, concept, of, change, management?
Can, you, explain, the, importance, of, building, employee, resilience?
What, are, the, challenges, of, maintaining, employee, motivation?
Can, you, describe, the, role, of, HR, in, enhancing, workplace, collaboration?
What, is, your, experience, with, developing, succession, plans?
Can, you, explain, the, significance, of, workforce, development, initiatives?
What, are, the, benefits, of, implementing, a, mentorship, program?
Can, you, describe, how, to, assess, employee, performance, data?
What, is, your, understanding, of, the, role, of, HR, in, crisis, management?
Can, you, explain, the, importance, of, developing, a, strategic, HR, plan?
What, are, the, challenges, of, implementing, change, initiatives, in, HR?
Can, you, describe, the, role, of, HR, in, employee, career, development?
What, is, your, experience, with, conducting, organizational, assessments?
Can, you, explain, the, significance, of, strategic, workforce, planning?
What, are, the, benefits, of, using, HR, technology, platforms?
Can, you, describe, how, to, manage, employee, relations, in, a, unionized, environment?
What, is, your, understanding, of, the, term, 'organizational, effectiveness'?
Can, you, explain, the, importance, of, change, leadership, in, HR?
What, are, the, challenges, of, fostering, innovation, in, HR?
Can, you, describe, the, role, of, HR, in, developing, organizational, values?
What, is, your, experience, with, implementing, diversity, initiatives?