What, do, you, understand, by, the, term, 'data, science'?
Can, you, explain, the, difference, between, structured, and, unstructured, data?
What, is, your, understanding, of, data, wrangling?
Can, you, describe, the, significance, of, data, visualization?
What, are, some, common, data, analysis, tools, you, know?
Can, you, explain, the, concept, of, regression, analysis?
What, do, you, understand, by, the, term, 'big, data'?
Can, you, describe, the, importance, of, statistical, methods, in, data, science?
What, is, your, experience, with, Excel, for, data, analysis?
Can, you, explain, the, role, of, a, data, analyst?
What, are, some, common, data, sources, you, know?
Can, you, describe, the, importance, of, data, cleaning?
What, is, your, understanding, of, machine, learning?
Can, you, explain, the, concept, of, a, dataset?
What, do, you, understand, by, the, term, 'data, mining'?
Can, you, describe, the, significance, of, exploratory, data, analysis?
What, is, your, experience, with, using, Python, for, data, analysis?
Can, you, explain, the, role, of, algorithms, in, data science?
What, are, some, common, visualization, tools, you, know?
Can, you, describe, the, importance, of, data, storytelling?
What, is, your, understanding, of, predictive, analytics?
Can, you, explain, the, concept, of, feature, engineering?
What, do, you, understand, by, the, term, 'data, ethics'?
Can, you, describe, the, significance, of, data, governance?
What, is, your, experience, with, SQL, for, data, queries?
Can, you, explain, the, role, of, data, in, decision-making?
What, are, some, common, data, storage, options, you, know?
Can, you, describe, the, importance, of, A/B, testing?
What, is, your, understanding, of, clustering, analysis?
Can, you, explain, the, concept, of, outliers, in, data?
What, do, you, understand, by, the, term, 'data, pipeline'?
Can, you, describe, the, significance, of, data, ethics, in, analysis?
What, is, your, experience, with, using, R, for, data, analysis?
Can, you, explain, the, role, of, data, visualization, in, reporting?
What, are, some, common, machine, learning, algorithms, you, know?
Can, you, describe, the, importance, of, real-time, data, analysis?
What, is, your, understanding, of, time-series, analysis?
Can, you, explain, the, concept, of, supervised, vs, unsupervised, learning?
What, do, you, understand, by, the, term, 'data, integrity'?
Can, you, describe, the, significance, of, data, quality?
What, is, your, experience, with, Tableau, for, data, visualization?
Can, you, explain, the, importance, of, data, privacy?
What, are, some, common, statistical, tests, you, know?
Can, you, describe, the, role, of, a, data, scientist?
What, is, your, understanding, of, data, architecture?
Can, you, explain, the, concept, of, data, sources, vs, data, sinks?
What, do, you, understand, by, the, term, 'data, correlation'?
Can, you, describe, the, significance, of, predictive, modeling?
What, is, your, experience, with, data, reporting, tools?
Can, you, explain, the, role, of, ethics, in, data, science?
Intermediate Level
Can, you, explain, the, significance, of, statistical, inference?
What, are, some, effective, techniques, for, data, visualization?
Can, you, describe, the, role, of, supervised, learning, in, machine, learning?
What, is, your, experience, with, natural, language, processing?
Can, you, explain, the, concept, of, decision, trees?
What, are, the, benefits, of, using, deep, learning?
Can, you, describe, the, significance, of, model, evaluation, metrics?
What, is, your, understanding, of, ensemble, methods?
Can, you, explain, the, importance, of, data, preprocessing?
What, are, some, challenges, in, working, with, big, data?
Can, you, describe, the, role, of, data, visualization, in, analysis?
What, is, your, experience, with, using, Spark, for, data, processing?
Can, you, explain, the, significance, of, cross-validation?
What, are, the, benefits, of, using, cloud-based, data, storage?
Can, you, describe, how, to, implement, a, machine, learning, model?
What, is, your, understanding, of, reinforcement, learning?
Can, you, explain, the, importance, of, feature, selection?
What, are, some, effective, strategies, for, handling, missing, data?
Can, you, describe, the, significance, of, data, pipelines?
What, is, your, experience, with, using, NoSQL, databases?
Can, you, explain, the, role, of, data, scientists, in, organizations?
What, are, the, benefits, of, using, open-source, tools, in, data, science?
Can, you, describe, how, to, assess, model, performance?
What, is, your, understanding, of, dimensionality, reduction?
Can, you, explain, the, importance, of, data, exploration?
What, are, some, challenges, in, implementing, machine, learning, solutions?
Can, you, describe, the, significance, of, model, deployment?
What, is, your, experience, with, using, Jupyter, notebooks?
Can, you, explain, the, impact, of, bias, in, data, analysis?
What, are, the, benefits, of, using, data, storytelling, techniques?
Can, you, describe, how, to, create, a, data-driven, culture?
What, is, your, understanding, of, clustering, algorithms?
Can, you, explain, the, importance, of, documentation, in, data, science?
What, are, some, effective, strategies, for, data, validation?
Can, you, describe, the, role, of, data, ethics, in, machine, learning?
What, is, your, experience, with, deploying, models, to, production?
Can, you, explain, the, significance, of, hyperparameter, tuning?
What, are, the, benefits, of, integrating, machine, learning, with, business, processes?
Can, you, describe, how, to, present, data, findings, to, stakeholders?
What, is, your, understanding, of, artificial, intelligence, vs, machine, learning?
Can, you, explain, the, importance, of, reproducibility, in, data, science?
What, are, some, challenges, in, scaling, data, science, projects?
Can, you, describe, the, significance, of, collaboration, in, data, projects?
What, is, your, experience, with, using, cloud, platforms, for, data, science?
Can, you, explain, the, role, of, ethical, considerations, in, AI, applications?
What, are, the, benefits, of, continuous, learning, in, data, science?
Can, you, describe, how, to, conduct, a, data, audit?
What, is, your, understanding, of, the, future, of, data, science?
Can, you, explain, the, impact, of, data-driven, decision-making, on, organizations?
What, are, some, effective, strategies, for, improving, data, literacy, among, teams?
Can, you, describe, the, significance, of, causal, inference, in, data, science?
What, is, your, experience, with, advanced, machine, learning, techniques?
Can, you, explain, the, importance, of, deep, learning, in, data, science?
What, are, the, challenges, of, working, with, real-time, data?
Can, you, describe, the, role, of, ethical, AI, in, data-driven, solutions?
What, is, your, understanding, of, generative, adversarial, networks, (GANs)?
Can, you, explain, the, significance, of, explainable, AI, (XAI)?
What, are, the, benefits, of, using, cloud, computing, for, data, science?
Can, you, describe, how, to, develop, an, end-to-end, machine, learning, pipeline?
What, is, your, experience, with, working, on, cross-functional, data, teams?
Can, you, explain, the, importance, of, data, privacy, in, machine, learning?
What, are, the, challenges, of, integrating, data, science, into, business, strategies?
Can, you, describe, the, role, of, data, ethics, in, AI, development?
What, is, your, understanding, of, the, implications, of, AI, on, jobs?
Can, you, explain, the, significance, of, data, storytelling, in, influencing, decisions?
What, are, the, benefits, of, using, simulation, models, in, data, science?
Can, you, describe, how, to, evaluate, machine, learning, algorithms, critically?
What, is, your, experience, with, developing, and, implementing, AI, solutions?
Can, you, explain, the, importance, of, model, interpretability, in, AI?
What, are, the, challenges, of, ensuring, data, quality, in, large, datasets?
Can, you, describe, the, significance, of, peer, review, in, data, science?
What, is, your, understanding, of, the, relationship, between, AI, and, data, science?
Can, you, explain, the, impact, of, automation, on, data, analysis, processes?
What, are, some, effective, strategies, for, managing, data, science, teams?
Can, you, describe, how, to, foster, a, culture, of, innovation, in, data, science?
What, is, your, experience, with, building, AI-powered, applications?
Can, you, explain, the, significance, of, bias, detection, in, AI, models?
What, are, the, benefits, of, collaborating, with, domain, experts, in, data, projects?
Can, you, describe, the, role, of, data, science, in, public, policy?
What, is, your, understanding, of, the, impact, of, AI, on, decision-making?
Can, you, explain, the, challenges, of, implementing, AI, at, scale?
What, are, some, effective, strategies, for, improving, data, governance?
Can, you, describe, how, to, leverage, cloud, resources, for, data, science?
What, is, your, experience, with, developing, data, management, frameworks?
Can, you, explain, the, significance, of, ethical, considerations, in, AI, deployment?
What, are, the, challenges, of, ensuring, data, security, in, AI, applications?
Can, you, describe, the, impact, of, data, science, on, healthcare?
What, is, your, understanding, of, the, role, of, machine, learning, in, business?
Can, you, explain, the, importance, of, data, ethics, in, research?
What, are, the, benefits, of, utilizing, cloud, platforms, for, data, analysis?
Can, you, describe, how, to, handle, ethical, dilemmas, in, data, science?
What, is, your, experience, with, using, advanced, analytics, techniques?
Can, you, explain, the, significance, of, continuous, learning, in, data, science?
What, are, the, challenges, of, integrating, machine, learning, into, legacy, systems?
Can, you, describe, the, role, of, data, science, in, business, strategy?
What, is, your, understanding, of, the, implications, of, AI, on, privacy?
Can, you, explain, the, importance, of, peer, collaboration, in, data, projects?
What, are, some, effective, strategies, for, managing, data, ethics?
Can, you, describe, how, to, evaluate, the, success, of, a, data, project?
What, is, your, experience, with, advanced, data, modeling, techniques?