Can, you, explain, the, role, of, a, manager?
What, are, the, key, functions, of, management?
Can, you, describe, the, importance, of, team, building?
What, is, your, understanding, of, effective, communication?
Can, you, explain, the, significance, of, setting, goals?
What, are, some, common, management, styles, you, know?
Can, you, describe, how, to, motivate, a, team?
What, is, your, experience, with, conflict, resolution?
Can, you, explain, the, importance, of, time, management?
What, are, the, benefits, of, delegation?
Can, you, describe, the, role, of, feedback, in, management?
What, is, your, understanding, of, organizational, culture?
Can, you, explain, the, significance, of, decision-making?
What, are, some, challenges, faced, by, managers?
Can, you, describe, how, to, manage, remote, teams?
What, is, your, experience, with, performance, evaluations?
Can, you, explain, the, importance, of, employee, development?
What, are, the, benefits, of, creating, a, positive, work, environment?
Can, you, describe, how, to, conduct, a, team, meeting?
What, is, your, understanding, of, the, concept, of, leadership?
Can, you, explain, the, significance, of, accountability?
What, are, some, effective, strategies, for, managing, stress?
Can, you, describe, the, role, of, collaboration, in, teams?
What, is, your, experience, with, change, management?
Can, you, explain, the, importance, of, employee, engagement?
What, are, the, challenges, of, leading, diverse, teams?
Can, you, describe, how, to, set, performance, metrics?
What, is, your, understanding, of, project, management?
Can, you, explain, the, significance, of, ethical, leadership?
What, are, some, common, mistakes, managers, make?
Can, you, describe, how, to, handle, employee, grievances?
What, is, your, experience, with, mentoring, employees?
Can, you, explain, the, importance, of, strategic, planning?
What, are, the, benefits, of, employee, recognition?
Can, you, describe, the, role, of, trust, in, leadership?
What, is, your, understanding, of, organizational, change?
Can, you, explain, the, significance, of, fostering, innovation?
What, are, some, effective, techniques, for, performance, feedback?
Can, you, describe, how, to, create, a, vision, statement?
What, is, your, experience, with, crisis, management?
Can, you, explain, the, importance, of, networking, in, management?
What, are, the, challenges, of, managing, a, remote, workforce?
Can, you, describe, how, to, facilitate, team, collaboration?
What, is, your, understanding, of, the, concept, of, emotional, intelligence?
Can, you, explain, the, significance, of, succession, planning?
What, are, some, effective, strategies, for, conflict, management?
Can, you, describe, how, to, manage, stakeholder, expectations?
What, is, your, experience, with, developing, team, charters?
Can, you, explain, the, importance, of, creating, a, supportive, culture?
What, are, the, challenges, of, implementing, change?
Intermediate Level
Can, you, explain, the, importance, of, strategic, management?
What, are, the, challenges, of, managing, cross-functional, teams?
Can, you, describe, how, to, develop, a, performance, improvement, plan?
What, is, your, experience, with, setting, organizational, objectives?
Can, you, explain, the, significance, of, stakeholder, analysis?
What, are, the, benefits, of, continuous, improvement, practices?
Can, you, describe, the, role, of, change, agents, in, organizations?
What, is, your, understanding, of, risk, management?
Can, you, explain, the, importance, of, performance, metrics, in, management?
What, are, the, challenges, of, managing, virtual, teams?
Can, you, describe, how, to, conduct, a, SWOT, analysis?
What, is, your, experience, with, managing, project, timelines?
Can, you, explain, the, significance, of, talent, management?
What, are, the, benefits, of, building, a, diverse, workforce?
Can, you, describe, the, role, of, leadership, in, organizational, culture?
What, is, your, understanding, of, process, improvement, methodologies?
Can, you, explain, the, importance, of, aligning, team, goals, with, organizational, objectives?
What, are, the, challenges, of, managing, team, dynamics?
Can, you, describe, how, to, implement, effective, training, programs?
What, is, your, experience, with, developing, leadership, pipelines?
Can, you, explain, the, significance, of, knowledge, management?
What, are, the, benefits, of, performance, coaching?
Can, you, describe, the, role, of, organizational, alignment, in, success?
What, is, your, understanding, of, business, ethics?
Can, you, explain, the, importance, of, effective, negotiation, skills?
What, are, the, challenges, of, leading, transformational, change?
Can, you, describe, how, to, manage, team, conflicts?
What, is, your, experience, with, developing, organizational, policies?
Can, you, explain, the, significance, of, corporate, governance?
What, are, the, benefits, of, implementing, employee, wellness, programs?
Can, you, describe, the, role, of, performance, appraisals, in, development?
What, is, your, understanding, of, emotional, intelligence, in, leadership?
Can, you, explain, the, importance, of, fostering, accountability, in, teams?
What, are, the, challenges, of, managing, cross-cultural, teams?
Can, you, describe, how, to, develop, organizational, values?
What, is, your, experience, with, managing, change, initiatives?
Can, you, explain, the, significance, of, crisis, communication?
What, are, the, benefits, of, employee, feedback, mechanisms?
Can, you, describe, the, role, of, employee, empowerment, in, management?
What, is, your, understanding, of, strategic, alignment?
Can, you, explain, the, importance, of, recognizing, employee, contributions?
What, are, the, challenges, of, managing, remote, employees?
Can, you, describe, how, to, develop, an, effective, onboarding, process?
What, is, your, experience, with, performance, management, systems?
Can, you, explain, the, significance, of, talent, acquisition, strategies?
What, are, the, benefits, of, mentoring, in, employee, development?
Can, you, describe, the, role, of, technology, in, management?
What, is, your, understanding, of, organizational, behavior?
Can, you, explain, the, importance, of, succession, planning?
What, are, the, challenges, of, managing, ethical, dilemmas?
Advanced Level
Can, you, describe, the, significance, of, strategic, decision-making?
What, is, your, experience, with, change, management, frameworks?
Can, you, explain, the, importance, of, corporate, social, responsibility?
What, are, the, challenges, of, leading, organizational, transformation?
Can, you, describe, how, to, develop, a, business, continuity, plan?
What, is, your, understanding, of, performance, analytics?
Can, you, explain, the, significance, of, ethical, decision-making?
What, are, the, benefits, of, implementing, agile, management, practices?
Can, you, describe, the, challenges, of, managing, organizational, change?
What, is, your, experience, with, implementing, strategic, initiatives?
Can, you, explain, the, importance, of, data-driven, decision-making?
What, are, the, benefits, of, using, scenario, planning, in, management?
Can, you, describe, the, role, of, transformational, leadership?
What, is, your, understanding, of, operational, excellence?
Can, you, explain, the, significance, of, performance, benchmarking?
What, are, the, challenges, of, aligning, organizational, culture, with, strategy?
Can, you, describe, how, to, implement, change, initiatives, successfully?
What, is, your, experience, with, developing, strategic, partnerships?
Can, you, explain, the, importance, of, managing, stakeholder, relationships?
What, are, the, benefits, of, strategic, foresight, in, management?
Can, you, describe, the, role, of, emotional, intelligence, in, leadership?
What, is, your, understanding, of, business, transformation?
Can, you, explain, the, significance, of, corporate, governance, frameworks?
What, are, the, challenges, of, implementing, effective, performance, metrics?
Can, you, describe, how, to, conduct, effective, strategic, planning?
What, is, your, experience, with, managing, interdepartmental, collaboration?
Can, you, explain, the, importance, of, cultural, competency, in, management?
What, are, the, benefits, of, utilizing, business, intelligence, tools?
Can, you, describe, the, role, of, strategic, alliances, in, growth?
What, is, your, understanding, of, the, concept, of, shared, leadership?
Can, you, explain, the, significance, of, data, security, in, management?
What, are, the, challenges, of, implementing, strategic, change, initiatives?
Can, you, describe, how, to, develop, a, leadership, development, program?
What, is, your, experience, with, corporate, performance, management?
Can, you, explain, the, importance, of, adaptive, leadership?
What, are, the, benefits, of, managing, organizational, knowledge?
Can, you, describe, the, role, of, risk, assessment, in, strategic, planning?
What, is, your, understanding, of, stakeholder, engagement, strategies?
Can, you, explain, the, significance, of, developing, high-performing, teams?
What, are, the, challenges, of, measuring, organizational, performance?
Can, you, describe, how, to, leverage, technology, for, organizational, growth?
What, is, your, experience, with, change, management, training?
Can, you, explain, the, importance, of, developing, a, leadership, pipeline?
What, are, the, benefits, of, conducting, stakeholder, interviews?
Can, you, describe, the, role, of, vision, and, mission, in, management?
What, is, your, understanding, of, competitive, intelligence?
Can, you, explain, the, significance, of, effective, team, dynamics?
What, are, the, challenges, of, fostering, innovation, in, management?
Can, you, describe, how, to, create, a, culture, of, continuous, improvement?
What, is, your, experience, with, leadership, in, crisis, situations?